﻿<?xml version="1.0" encoding="UTF-8" standalone="yes"?>
<addon 
    id="plugin.audio.big_fm"
    name="[COLOR darkorange]BIG FM[/COLOR]"
    version="1.0.0" 
    provider-name="SH Germania">
    <requires>
		<import addon="xbmc.python" version="2.1.0"/>
	</requires>
	<extension point="xbmc.python.pluginsource" library="addon.py">
		<provides>audio</provides>
	</extension>
	<extension point="xbmc.addon.metadata">
		<platform>all</platform>
		<summary>BIG FM</summary>
		<description>

[COLOR darkorange]BIG FM WEB URL:
http://www.bigfm.de/[/COLOR]

		</description>
		<license></license>
		<language></language>	
		<source></source>
		<email></email>
	</extension>
</addon>
