<?xml version="1.0" encoding="UTF-8" standalone="yes"?>
<addon id="plugin.video.herzkino.yt" name="[COLOR red]H[/COLOR]er[COLOR red]z[/COLOR] [COLOR red]K[/COLOR]in[COLOR red]o[/COLOR]" version="1.0.1" provider-name="GUIDO | HSK-DE">
  <requires>
    <import addon="xbmc.python" version="2.1.0" />
	<import addon="script.module.beautifulsoup4" version="4.4.1.1"/>
	<import addon="plugin.video.youtube" version="5.3.7"/>
  </requires>
	<extension point="xbmc.python.pluginsource" library="default.py">
		<provides>video</provides>
	</extension>
  <extension point="xbmc.addon.metadata">
    <platform>all</platform>
    <summary>Herz Kino.</summary>
    <description>
Herz Kino auf YouTube.
FACEBOOK GRUPPE HSK-DE :
HARDWARE - SOFTWARE - KODI - DE
https://www.facebook.com/groups/hskde/</description>
  </extension>
</addon>
