﻿<?xml version="1.0.0" encoding="UTF-8" standalone="yes"?>
<addon 
    id="plugin.audio.hitradiort1"
    name="[COLOR orange]Hitradio Rt1[/COLOR]"
    version="1.0.0" 
    provider-name="SH Germania">
    <requires>
		<import addon="xbmc.python" version="2.1.0"/>
	</requires>
	<extension point="xbmc.python.pluginsource" library="addon.py">
		<provides>audio</provides>
	</extension>
	<extension point="xbmc.addon.metadata">
		<platform>all</platform>
		<summary>Hitradio Rt1</summary>
		<description>
Besucht uns mal auf Facebook.
FACEBOOK GRUPPE HSK-DE:
HARDWARE - SOFTWARE - KODI - DE
https://www.facebook.com/groups/hskde/


Hitradio Rt1 WEB URL:

https://www.rt1.de/</description>
		<license></license>
		<language>De</language>	
		<source></source>
		<email></email>
	</extension>
</addon>
