﻿<?xml version="1.0" encoding="UTF-8" standalone="yes"?>
<addon 
    id="plugin.audio.antenne_vorarlberg"
    name="[COLOR yellow]ANTENNE VORARLBERG[/COLOR]"
    version="1.0.0" 
    provider-name="SH Germania">
    <requires>
		<import addon="xbmc.python" version="2.1.0"/>
	</requires>
	<extension point="xbmc.python.pluginsource" library="addon.py">
		<provides>audio</provides>
	</extension>
	<extension point="xbmc.addon.metadata">
		<platform>all</platform>
		<summary>ANTENNE VORARLBERG</summary>
		<description>[COLOR yellow]
https://forum.kodiman.eu/forum/
https://www.facebook.com/

ANTENNE VORARLBERG WEB URL:

http://www.antennevorarlberg.at/[/COLOR]
		</description>
		<license></license>
		<language></language>	
		<source></source>
		<email></email>
	</extension>
</addon>
