<?xml version="1.0" encoding="UTF-8" standalone="yes"?>
<addon id="plugin.audio.beatz" name="B[COLOR red]eatZ By Stream Army[/COLOR]" version="1.0.3" provider-name="Stream Army">
  <requires>
    <import addon="xbmc.python" version="2.1.0"/>
    <import addon="script.module.simplejson" version="3.3.0"/>
    <import addon="script.common.plugin.cache" version="2.5.8"/>
    <import addon="script.module.metahandler" version="2.9.0"/>
    <import addon="plugin.video.youtube" version="5.3.6" optional="false" />
    
    
  </requires>
  <extension point="xbmc.python.pluginsource" library="default.py">
        <provides>audio</provides>
        <provides>video</provides>
  </extension>
  <extension point="xbmc.addon.metadata">
    <summary lang="en">Beatz By Stream Army</summary>
    <description lang="en">@Nemzzy668  / @_MANC_ / @EchoCoder</description>
    <platform>all</platform>
  </extension>
</addon>