﻿<?xml version="1.0.0" encoding="UTF-8" standalone="yes"?>
<addon 
    id="plugin.audio.antenne-bayern"
    name="[COLOR blue]Antenne[/COLOR] [COLOR yellow]Bayern[/COLOR]"
    version="1.0.0" 
    provider-name="SH Germania">
    <requires>
		<import addon="xbmc.python" version="2.1.0"/>
	</requires>
	<extension point="xbmc.python.pluginsource" library="addon.py">
		<provides>audio</provides>
	</extension>
	<extension point="xbmc.addon.metadata">
		<platform>all</platform>
		<summary>Antenne Bayern</summary>
		<description>
Besucht uns mal auf Facebook.
FACEBOOK GRUPPE HSK-DE:
HARDWARE - SOFTWARE - KODI - DE
https://www.facebook.com/groups/hskde/


Antenne Bayern WEB URL:

http://www.antenne.de/

</description>
		<license></license>
		<language>De</language>	
		<source></source>
		<email></email>
	</extension>
</addon>
