<?xml version="1.0" encoding="UTF-8" standalone="yes"?>
<addon id="plugin.video.bares.rares" name="[COLOR aqua]B[/COLOR]are[COLOR aqua]s[/COLOR] für [COLOR aqua]R[/COLOR]are[COLOR aqua]s[/COLOR]" version="1.2.4" provider-name="GUIDO | HSK-DE">
  <requires>
    <import addon="xbmc.python" version="2.1.0" />
	<import addon="script.module.beautifulsoup4" version="4.4.1.1"/>
	<import addon="plugin.video.youtube" version="5.3.7"/>
  </requires>
	<extension point="xbmc.python.pluginsource" library="default.py">
		<provides>video</provides>
	</extension>
  <extension point="xbmc.addon.metadata">
    <platform>all</platform>
    <summary>Bares für Rares.</summary>
    <description>
Bares für Rares auf YouTube.
FACEBOOK GRUPPE HSK-DE :
HARDWARE - SOFTWARE - KODI - DE
https://www.facebook.com/groups/hskde/</description>
  </extension>
</addon>
