﻿<?xml version="1.0." encoding="UTF-8" standalone="yes"?>
<addon 
    id="plugin.audio.iloveradio"
    name="[COLOR red]I Love Radio[/COLOR]"
    version="1.0.0" 
    provider-name="SH Germania">
    <requires>
		<import addon="xbmc.python" version="2.1.0"/>
	</requires>
	<extension point="xbmc.python.pluginsource" library="addon.py">
		<provides>audio</provides>
	</extension>
	<extension point="xbmc.addon.metadata">
		<platform>all</platform>
		<summary>I Love Radio</summary>
		<description>
Besucht uns mal auf Facebook.
FACEBOOK GRUPPE HSK-DE:
HARDWARE - SOFTWARE - KODI - DE
https://www.facebook.com/groups/hskde/


I Love Radio WEB URL:

http://www.iloveradio.de/

</description>
		<license></license>
		<language></language>	
		<source></source>
		<email></email>
	</extension>
</addon>
