<?xml version="1.0" encoding="UTF-8" standalone="yes"?>
<addon id="repository.hsk.tool.time" name="[COLOR blue]HSK[/COLOR] TOOL [COLOR blue]TIME[/COLOR]" version="1.0.0" provider-name="[COLOR lime]GUIDO | SH Germany | HSK-DE[/COLOR]">
    <extension point="xbmc.addon.repository" name="HSK TOOL TIME REPOSITORY">
		<info compressed="false">https://raw.githubusercontent.com/kaffepausse71/hsktooltime/master/addons.xml</info>
		<checksum>https://raw.githubusercontent.com/kaffepausse71/madmax/hsktooltime/addons.xml.md5</checksum>
		<datadir zip="true">https://raw.githubusercontent.com/kaffepausse71/hsktooltime/master/</datadir>
    </extension>
    <extension point="xbmc.addon.metadata">
        <summary>[COLOR blue]HSK[/COLOR] TOOL [COLOR blue]TIME[/COLOR] </summary>
        <description>HSK TOOL TIME präsentiert eine kleinen Sammlung an erlesenen Musik,Video und weiteren Addons. </description>
        <platform>all</platform>
    </extension>
</addon>