<?xml version="1.0" encoding="UTF-8" standalone="yes"?>
<addon id="plugin.audio_goodsound" name="[COLOR dodgerblue]Good Sound[/COLOR]" version="1.0.0" provider-name="[COLOR dodgerblue]SH Germania[/COLOR]">
  <requires>
    <import addon="xbmc.python" version="2.1.0"/>
  </requires>
  <extension point="xbmc.python.script" library="default.py">
    <provides>audio</provides>
  </extension>
  <extension point="xbmc.addon.metadata">
   <summary lang="en">[COLOR dodgerblue]Radio Online Stream[/COLOR]</summary>
    <description lang="en">[COLOR dodgerblue]

Good Sound Online Radio

Besucht uns mal auf Facebook.
FACEBOOK GRUPPE HSK-DE:
HARDWARE - SOFTWARE - KODI - DE
https://www.facebook.com/groups/hskde/

Kodimans Forum:
https://www.kodiman.net/[/COLOR]</description>
    <platform>all</platform>
    <language>ger</language>
    <license>GNU GENERAL PUBLIC LICENSE. Version 2, June 1991</license>
    <website>http://good-sound.de/tapp/index/4718</website>
    <source></source>
    <email></email>
  </extension>
</addon>