<?xml version="1.0" encoding="UTF-8" standalone="yes"?>
<addon id="plugin.video.kino.trailer" name="[COLOR aqua]K[/COLOR]in[COLOR aqua]o[/COLOR] [COLOR aqua]T[/COLOR]raile[COLOR aqua]r[/COLOR]" version="1.2.4" provider-name="GUIDO | HSK-DE">
  <requires>
    <import addon="xbmc.python" version="2.1.0" />
	<import addon="script.module.beautifulsoup4" version="4.4.1.1"/>
	<import addon="plugin.video.youtube" version="5.3.7"/>
  </requires>
	<extension point="xbmc.python.pluginsource" library="default.py">
		<provides>video</provides>
	</extension>
  <extension point="xbmc.addon.metadata">
    <platform>all</platform>
    <summary>Kino Trailer.</summary>
    <description>
Kino Trailer auf YouTube.
FACEBOOK GRUPPE HSK-DE :
HARDWARE - SOFTWARE - KODI - DE
https://www.facebook.com/groups/hskde/</description>
  </extension>
</addon>
